target,model,n_features,features,f1_binary,accuracy,precision,recall,specificity,auc,auprc,utility,params
resu,XGBoost,19,mage|gran|parn|amni|mulg|bir|prep|dm|htn|chor|prom|ster|sterp|sterd|atbyn|delm|gad|sex|bwei,0.947683090889291,0.9009467323973996,0.902535026830661,0.9975908963906448,0.03789643021296154,0.8220344143484402,0.9742974773989352,0.9305376715340141,"{""n_estimators"": 499, ""max_depth"": 7, ""learning_rate"": 0.06936332824322491, ""subsample"": 0.886373416571857, ""colsample_bytree"": 0.7131878993530649, ""gamma"": 2.522721803094565, ""min_child_weight"": 6.003024610045035}"
resu,LightGBM,19,mage|gran|parn|amni|mulg|bir|prep|dm|htn|chor|prom|ster|sterp|sterd|atbyn|delm|gad|sex|bwei,0.9475813789000025,0.900805467293363,0.9028739566869313,0.9969624047609544,0.04212283044058745,0.8210916565990335,0.9744885142530213,0.9303555750457143,"{""n_estimators"": 469, ""num_leaves"": 28, ""learning_rate"": 0.014508160738978737, ""subsample"": 0.6823688363159462, ""colsample_bytree"": 0.9175808238049806, ""reg_alpha"": 0.10902879036981572, ""reg_lambda"": 0.3421968420884034, ""min_child_samples"": 69}"
resuo,XGBoost,19,mage|gran|parn|amni|mulg|bir|prep|dm|htn|chor|prom|ster|sterp|sterd|atbyn|delm|gad|sex|bwei,0.9149706427413575,0.8441429438263534,0.8460882925029358,0.9960836030226069,0.03544327939819743,0.7214111078984221,0.9244909055200576,0.8791148146063805,"{""n_estimators"": 250, ""max_depth"": 7, ""learning_rate"": 0.12112507070923725, ""subsample"": 0.6630836235552544, ""colsample_bytree"": 0.6058007925982533, ""gamma"": 0.8070751084919493, ""min_child_weight"": 4.36742189634411}"
resuo,LightGBM,19,mage|gran|parn|amni|mulg|bir|prep|dm|htn|chor|prom|ster|sterp|sterd|atbyn|delm|gad|sex|bwei,0.9148349249172008,0.8436719455400121,0.8449244423576042,0.9973705197991712,0.025611205734156556,0.7204879336653714,0.9246866712419429,0.8789210505642575,"{""n_estimators"": 391, ""num_leaves"": 124, ""learning_rate"": 0.024662999007720243, ""subsample"": 0.9174986340147253, ""colsample_bytree"": 0.9884587601641651, ""reg_alpha"": 0.6655287326586697, ""reg_lambda"": 0.26010341523385916, ""min_child_samples"": 37}"
resup,XGBoost,19,mage|gran|parn|amni|mulg|bir|prep|dm|htn|chor|prom|ster|sterp|sterd|atbyn|delm|gad|sex|bwei,0.8812216672493687,0.7979371324259701,0.8068307464925759,0.9709516825814472,0.21262505437146584,0.8042285818494325,0.9301863596635096,0.8805124578936238,"{""n_estimators"": 425, ""max_depth"": 7, ""learning_rate"": 0.024047271279418678, ""subsample"": 0.7513299008271823, ""colsample_bytree"": 0.7473153055897077, ""gamma"": 1.811267262406447, ""min_child_weight"": 8.128754107192751}"
resup,LightGBM,19,mage|gran|parn|amni|mulg|bir|prep|dm|htn|chor|prom|ster|sterp|sterd|atbyn|delm|gad|sex|bwei,0.8808949954450446,0.7980313054650198,0.8086788722958268,0.9675338665794824,0.22459189417393755,0.8017914277912247,0.92856661206999,0.8793757669017642,"{""n_estimators"": 200, ""num_leaves"": 83, ""learning_rate"": 0.011088848045223143, ""subsample"": 0.7353988358652473, ""colsample_bytree"": 0.6695680753152047, ""reg_alpha"": 0.6601680889265422, ""reg_lambda"": 0.19900252427171106, ""min_child_samples"": 47}"
resui,XGBoost,19,mage|gran|parn|amni|mulg|bir|prep|dm|htn|chor|prom|ster|sterp|sterd|atbyn|delm|gad|sex|bwei,0.8041307517380922,0.7731618484178963,0.7711369405408812,0.8403616674038931,0.6896630223839176,0.8509625937281822,0.879515499129085,0.836112544353408,"{""n_estimators"": 302, ""max_depth"": 5, ""learning_rate"": 0.054034420630529253, ""subsample"": 0.6874420104057776, ""colsample_bytree"": 0.7139561134619405, ""gamma"": 2.6024099310183186, ""min_child_weight"": 1.1040005387041845}"
resui,LightGBM,19,mage|gran|parn|amni|mulg|bir|prep|dm|htn|chor|prom|ster|sterp|sterd|atbyn|delm|gad|sex|bwei,0.8029967496811917,0.7693465815164643,0.7626894286809444,0.8482667950308045,0.6712816239008719,0.8505705264103216,0.8791607901962868,0.8353607171815463,"{""n_estimators"": 279, ""num_leaves"": 70, ""learning_rate"": 0.018666165634642726, ""subsample"": 0.8370765103337835, ""colsample_bytree"": 0.6192119310921479, ""reg_alpha"": 0.024950330356869443, ""reg_lambda"": 0.30124291971054706, ""min_child_samples"": 12}"
resuh,XGBoost,19,mage|gran|parn|amni|mulg|bir|prep|dm|htn|chor|prom|ster|sterp|sterd|atbyn|delm|gad|sex|bwei,0.18675462521995834,0.896894896078593,0.13563620892162387,0.31645569620253167,0.919327497428785,0.72145606987996,0.10105001624372956,0.26798353145909004,"{""n_estimators"": 262, ""max_depth"": 3, ""learning_rate"": 0.011336866555647796, ""subsample"": 0.838758790023355, ""colsample_bytree"": 0.7122121243594398, ""gamma"": 2.8862872043953858, ""min_child_weight"": 7.848979275946036}"
resuh,LightGBM,19,mage|gran|parn|amni|mulg|bir|prep|dm|htn|chor|prom|ster|sterp|sterd|atbyn|delm|gad|sex|bwei,0.1752456438642939,0.897837657925059,0.12932185024044707,0.2873417721518987,0.9214319933342235,0.7165954358551534,0.09401245726400105,0.2591456462823779,"{""n_estimators"": 448, ""num_leaves"": 78, ""learning_rate"": 0.01403619868553612, ""subsample"": 0.613354426090277, ""colsample_bytree"": 0.733377667687678, ""reg_alpha"": 0.3340639515223339, ""reg_lambda"": 0.6993419224611905, ""min_child_samples"": 96}"
resue,XGBoost,19,mage|gran|parn|amni|mulg|bir|prep|dm|htn|chor|prom|ster|sterp|sterd|atbyn|delm|gad|sex|bwei,0.1473178056788235,0.9173879963590712,0.11036104201937254,0.2648648648648648,0.9349038027500297,0.7269992420202098,0.07159987905048273,0.24053871495859852,"{""n_estimators"": 248, ""max_depth"": 3, ""learning_rate"": 0.03376708921003657, ""subsample"": 0.8757779427301039, ""colsample_bytree"": 0.8335299144248957, ""gamma"": 3.2423886877971784, ""min_child_weight"": 2.6863911480744753}"
resue,LightGBM,19,mage|gran|parn|amni|mulg|bir|prep|dm|htn|chor|prom|ster|sterp|sterd|atbyn|delm|gad|sex|bwei,0.15163479627431667,0.9200246307248996,0.10827732904949808,0.2684684684684685,0.9375143430497312,0.7085988782666084,0.07075510044862951,0.23876370392506888,"{""n_estimators"": 472, ""num_leaves"": 87, ""learning_rate"": 0.08433369621093585, ""subsample"": 0.9986465709955711, ""colsample_bytree"": 0.7083487928188575, ""reg_alpha"": 0.28555594234173143, ""reg_lambda"": 0.9799433236545178, ""min_child_samples"": 84}"
resuc,XGBoost,19,mage|gran|parn|amni|mulg|bir|prep|dm|htn|chor|prom|ster|sterp|sterd|atbyn|delm|gad|sex|bwei,0.45403076691763644,0.7483879175025989,0.3551451064945348,0.6310099573257468,0.7716771505700045,0.7676707638951402,0.36790746204377306,0.4909217748509782,"{""n_estimators"": 478, ""max_depth"": 7, ""learning_rate"": 0.06241108672048811, ""subsample"": 0.9941154021469271, ""colsample_bytree"": 0.6090302880541159, ""gamma"": 2.7093187827266543, ""min_child_weight"": 5.484942793772346}"
resuc,LightGBM,19,mage|gran|parn|amni|mulg|bir|prep|dm|htn|chor|prom|ster|sterp|sterd|atbyn|delm|gad|sex|bwei,0.4510311068667653,0.7521093662745617,0.3578312194639941,0.6139402560455192,0.7795240862183977,0.7647907395269947,0.355497255393186,0.4851228779567374,"{""n_estimators"": 399, ""num_leaves"": 29, ""learning_rate"": 0.028040447297521177, ""subsample"": 0.9046646258659845, ""colsample_bytree"": 0.8768345220268003, ""reg_alpha"": 0.5711682211883442, ""reg_lambda"": 0.7026780998330713, ""min_child_samples"": 72}"
rds,XGBoost,19,mage|gran|parn|amni|mulg|bir|prep|dm|htn|chor|prom|ster|sterp|sterd|atbyn|delm|gad|sex|bwei,0.9009989638471575,0.8431538995523814,0.8630513697153438,0.9425160335662117,0.5334602139865713,0.8781105780528987,0.9512276474015021,0.911489891754609,"{""n_estimators"": 396, ""max_depth"": 9, ""learning_rate"": 0.06466690764550395, ""subsample"": 0.6733101755699731, ""colsample_bytree"": 0.8893063527071301, ""gamma"": 1.410143686999167, ""min_child_weight"": 4.099084379720029}"
rds,LightGBM,19,mage|gran|parn|amni|mulg|bir|prep|dm|htn|chor|prom|ster|sterp|sterd|atbyn|delm|gad|sex|bwei,0.9010925315766324,0.8423531791746599,0.8584902669796154,0.9483013952372058,0.5121188881119407,0.8767480717312969,0.9504166401109352,0.9110208721678561,"{""n_estimators"": 354, ""num_leaves"": 33, ""learning_rate"": 0.061166243362323396, ""subsample"": 0.7162310915832277, ""colsample_bytree"": 0.6084795092259343, ""reg_alpha"": 0.8439842786408204, ""reg_lambda"": 0.9899171518795864, ""min_child_samples"": 89}"
sft,XGBoost,19,mage|gran|parn|amni|mulg|bir|prep|dm|htn|chor|prom|ster|sterp|sterd|atbyn|delm|gad|sex|bwei,0.9030851379165767,0.8473929728568482,0.8647174893254963,0.9455121870575918,0.549765652363878,0.8971231966347174,0.9601721169312532,0.9190188433646078,"{""n_estimators"": 392, ""max_depth"": 6, ""learning_rate"": 0.03006834735471168, ""subsample"": 0.742761798711413, ""colsample_bytree"": 0.7640364477519108, ""gamma"": 1.6034487210573505, ""min_child_weight"": 3.704309967411247}"
sft,LightGBM,19,mage|gran|parn|amni|mulg|bir|prep|dm|htn|chor|prom|ster|sterp|sterd|atbyn|delm|gad|sex|bwei,0.9030995695043933,0.8489474768202452,0.8728381496839054,0.9361810558906939,0.5843570244710928,0.8949403318986494,0.9585342842427049,0.918098136404738,"{""n_estimators"": 210, ""num_leaves"": 82, ""learning_rate"": 0.03539095826005168, ""subsample"": 0.759897688240223, ""colsample_bytree"": 0.7147262413337312, ""reg_alpha"": 0.41863434772812735, ""reg_lambda"": 0.4555058691859818, ""min_child_samples"": 64}"
sftw,XGBoost,19,mage|gran|parn|amni|mulg|bir|prep|dm|htn|chor|prom|ster|sterp|sterd|atbyn|delm|gad|sex|bwei,0.6593028026738683,0.7590790251654183,0.5668792910023843,0.7890243174034325,0.746524064171123,0.8457739342164812,0.6544509672957906,0.6951414783689676,"{""n_estimators"": 295, ""max_depth"": 4, ""learning_rate"": 0.0521595751924864, ""subsample"": 0.6942681534488038, ""colsample_bytree"": 0.7351044315590046, ""gamma"": 2.917721320014576, ""min_child_weight"": 4.780187813273827}"
sftw,LightGBM,19,mage|gran|parn|amni|mulg|bir|prep|dm|htn|chor|prom|ster|sterp|sterd|atbyn|delm|gad|sex|bwei,0.6577374112507646,0.7577131001895328,0.5646243655498333,0.7882299192385165,0.7449197860962566,0.8444856602468835,0.6520870639731422,0.6933919568667016,"{""n_estimators"": 327, ""num_leaves"": 58, ""learning_rate"": 0.03118311455377245, ""subsample"": 0.6586514994214953, ""colsample_bytree"": 0.7405634932180802, ""reg_alpha"": 0.8634296050231556, ""reg_lambda"": 0.47709941603610934, ""min_child_samples"": 67}"
als,XGBoost,19,mage|gran|parn|amni|mulg|bir|prep|dm|htn|chor|prom|ster|sterp|sterd|atbyn|delm|gad|sex|bwei,0.18400146395087008,0.8300616843942155,0.12782207388167177,0.4090438205739148,0.8505060783183775,0.7130361271316801,0.1014615193703754,0.2650464132128837,"{""n_estimators"": 236, ""max_depth"": 3, ""learning_rate"": 0.01259691103121633, ""subsample"": 0.9903366684893897, ""colsample_bytree"": 0.8769588246112706, ""gamma"": 0.2860597404128251, ""min_child_weight"": 9.34126814907524}"
als,LightGBM,19,mage|gran|parn|amni|mulg|bir|prep|dm|htn|chor|prom|ster|sterp|sterd|atbyn|delm|gad|sex|bwei,0.1790606696096176,0.8157442215452075,0.11653836107091572,0.42509064539521385,0.834699352682723,0.7068539332390488,0.10214716053590638,0.2615452696133905,"{""n_estimators"": 337, ""num_leaves"": 64, ""learning_rate"": 0.017145033260355377, ""subsample"": 0.9969317971853799, ""colsample_bytree"": 0.7443115672444021, ""reg_alpha"": 0.6708482953074266, ""reg_lambda"": 0.4184116194952225, ""min_child_samples"": 77}"
mph,XGBoost,19,mage|gran|parn|amni|mulg|bir|prep|dm|htn|chor|prom|ster|sterp|sterd|atbyn|delm|gad|sex|bwei,0.22970994213987672,0.8293054386233235,0.15490323318555935,0.4859236197592362,0.8480518916587746,0.7698994825291462,0.1365004453116474,0.30978500116926183,"{""n_estimators"": 220, ""max_depth"": 5, ""learning_rate"": 0.012191737840498663, ""subsample"": 0.8884519143458747, ""colsample_bytree"": 0.7523125958783484, ""gamma"": 1.9746121615778727, ""min_child_weight"": 9.593262218471473}"
mph,LightGBM,19,mage|gran|parn|amni|mulg|bir|prep|dm|htn|chor|prom|ster|sterp|sterd|atbyn|delm|gad|sex|bwei,0.2222092036638746,0.8030232750812105,0.14036524389672164,0.5413491075134911,0.8173030257387079,0.7676309779801906,0.13256155439786785,0.3043992637473358,"{""n_estimators"": 203, ""num_leaves"": 65, ""learning_rate"": 0.0104395397864717, ""subsample"": 0.7125979635141374, ""colsample_bytree"": 0.8786045037970077, ""reg_alpha"": 0.4880006611193454, ""reg_lambda"": 0.19564970181650532, ""min_child_samples"": 15}"
ph,XGBoost,19,mage|gran|parn|amni|mulg|bir|prep|dm|htn|chor|prom|ster|sterp|sterd|atbyn|delm|gad|sex|bwei,0.37380613931611634,0.8329812704232442,0.2861436132281283,0.5503916449086163,0.8609978058010676,0.8009179040124188,0.2763082031913485,0.42997911141794654,"{""n_estimators"": 404, ""max_depth"": 3, ""learning_rate"": 0.011694616262549348, ""subsample"": 0.9946687376036397, ""colsample_bytree"": 0.7219877711839783, ""gamma"": 2.1228453439394226, ""min_child_weight"": 8.369217865459056}"
ph,LightGBM,19,mage|gran|parn|amni|mulg|bir|prep|dm|htn|chor|prom|ster|sterp|sterd|atbyn|delm|gad|sex|bwei,0.37239530485875205,0.8350996591648026,0.2847260665960902,0.5425587467362923,0.8641023105547185,0.8000467506336271,0.2767963882735981,0.4292459190381809,"{""n_estimators"": 248, ""num_leaves"": 59, ""learning_rate"": 0.010356190234154076, ""subsample"": 0.8856475068288794, ""colsample_bytree"": 0.748191460733046, ""reg_alpha"": 0.3441898645283709, ""reg_lambda"": 0.43819219194570735, ""min_child_samples"": 100}"
bpdyn,XGBoost,19,mage|gran|parn|amni|mulg|bir|prep|dm|htn|chor|prom|ster|sterp|sterd|atbyn|delm|gad|sex|bwei,0.8643207397896664,0.8327919594347222,0.8489606896540423,0.8804708730623574,0.7598071219464351,0.9120454325247376,0.9457626593335776,0.8982982541998539,"{""n_estimators"": 298, ""max_depth"": 9, ""learning_rate"": 0.06619855259775492, ""subsample"": 0.9120008117563313, ""colsample_bytree"": 0.6677174046698043, ""gamma"": 2.540934491821731, ""min_child_weight"": 6.303511919299938}"
bpdyn,LightGBM,19,mage|gran|parn|amni|mulg|bir|prep|dm|htn|chor|prom|ster|sterp|sterd|atbyn|delm|gad|sex|bwei,0.8642437730808205,0.83109652309502,0.8417012405883915,0.8884138585022233,0.7433608883563149,0.9119882467587322,0.9456905017366986,0.8982266864131663,"{""n_estimators"": 270, ""num_leaves"": 15, ""learning_rate"": 0.02040602322660256, ""subsample"": 0.9746125405144487, ""colsample_bytree"": 0.8681695364843655, ""reg_alpha"": 0.009793908175914967, ""reg_lambda"": 0.00763753384102106, ""min_child_samples"": 100}"
bpdm,XGBoost,19,mage|gran|parn|amni|mulg|bir|prep|dm|htn|chor|prom|ster|sterp|sterd|atbyn|delm|gad|sex|bwei,0.7223870723543372,0.7746694710438701,0.6917439110861551,0.7574612110729978,0.7855302843876822,0.8448757010732033,0.796159749086353,0.7690166011177151,"{""n_estimators"": 424, ""max_depth"": 6, ""learning_rate"": 0.023661388007217024, ""subsample"": 0.6432318499341202, ""colsample_bytree"": 0.6488230019670626, ""gamma"": 2.2584678958258393, ""min_child_weight"": 1.614234373547793}"
bpdm,LightGBM,19,mage|gran|parn|amni|mulg|bir|prep|dm|htn|chor|prom|ster|sterp|sterd|atbyn|delm|gad|sex|bwei,0.7218464539985577,0.772314657066954,0.686315165441607,0.7626931662247025,0.7783854503222974,0.8452684564951429,0.7951602714368053,0.7685249997293491,"{""n_estimators"": 278, ""num_leaves"": 16, ""learning_rate"": 0.012396656919086499, ""subsample"": 0.9852090894622808, ""colsample_bytree"": 0.612685821378136, ""reg_alpha"": 0.9919368498643666, ""reg_lambda"": 0.6404028595352823, ""min_child_samples"": 22}"
pdad,XGBoost,19,mage|gran|parn|amni|mulg|bir|prep|dm|htn|chor|prom|ster|sterp|sterd|atbyn|delm|gad|sex|bwei,0.5536664214216138,0.6306802252478019,0.4294994586838746,0.7817857943290802,0.5681553466506861,0.7297922653143523,0.48551671959450166,0.5684466796520279,"{""n_estimators"": 449, ""max_depth"": 5, ""learning_rate"": 0.012718814956401928, ""subsample"": 0.6520695052366438, ""colsample_bytree"": 0.9718372923178016, ""gamma"": 2.1916256612282536, ""min_child_weight"": 5.086684640508172}"
pdad,LightGBM,19,mage|gran|parn|amni|mulg|bir|prep|dm|htn|chor|prom|ster|sterp|sterd|atbyn|delm|gad|sex|bwei,0.5506049204850234,0.622579014795404,0.42490598135702307,0.7883875305575959,0.5539741882618048,0.728103953808035,0.4829087065852791,0.5657958629797025,"{""n_estimators"": 492, ""num_leaves"": 28, ""learning_rate"": 0.01021529749050605, ""subsample"": 0.9372287297907418, ""colsample_bytree"": 0.9905195781490713, ""reg_alpha"": 0.028151958674062838, ""reg_lambda"": 0.5233058326262879, ""min_child_samples"": 44}"
acl,XGBoost,19,mage|gran|parn|amni|mulg|bir|prep|dm|htn|chor|prom|ster|sterp|sterd|atbyn|delm|gad|sex|bwei,0.3079591949369037,0.7644478311198251,0.21172465178905875,0.5869465145327214,0.781752390798656,0.7685300952553473,0.20773454770852826,0.3700059808320798,"{""n_estimators"": 311, ""max_depth"": 10, ""learning_rate"": 0.031160861443650267, ""subsample"": 0.9687563802073614, ""colsample_bytree"": 0.6548680465825051, ""gamma"": 3.9526520188297773, ""min_child_weight"": 5.071224569902851}"
acl,LightGBM,19,mage|gran|parn|amni|mulg|bir|prep|dm|htn|chor|prom|ster|sterp|sterd|atbyn|delm|gad|sex|bwei,0.3095340020538836,0.7909193611050819,0.22361256227735868,0.5243652898825313,0.8169035926596019,0.7712073940708267,0.20945499376512466,0.37184497797064453,"{""n_estimators"": 398, ""num_leaves"": 74, ""learning_rate"": 0.010019964308898482, ""subsample"": 0.7942827374813995, ""colsample_bytree"": 0.7239305340778437, ""reg_alpha"": 0.08880541798174779, ""reg_lambda"": 0.5227014726819477, ""min_child_samples"": 16}"
lbp,XGBoost,19,mage|gran|parn|amni|mulg|bir|prep|dm|htn|chor|prom|ster|sterp|sterd|atbyn|delm|gad|sex|bwei,0.5951250842557412,0.7638820941572899,0.5281944526294262,0.6872061262315872,0.7897687014075981,0.8061965986714184,0.582185558411634,0.6334575293856444,"{""n_estimators"": 213, ""max_depth"": 5, ""learning_rate"": 0.03904223666334719, ""subsample"": 0.9394318874558313, ""colsample_bytree"": 0.7136565483179756, ""gamma"": 2.8910528674093534, ""min_child_weight"": 8.215324582835521}"
lbp,LightGBM,19,mage|gran|parn|amni|mulg|bir|prep|dm|htn|chor|prom|ster|sterp|sterd|atbyn|delm|gad|sex|bwei,0.5930833405617874,0.7593615775553407,0.5175071651056229,0.6948464958122553,0.7811383832219461,0.8049553589987927,0.5809585029634787,0.6318202929696959,"{""n_estimators"": 209, ""num_leaves"": 34, ""learning_rate"": 0.014150791059416672, ""subsample"": 0.8699035155452727, ""colsample_bytree"": 0.7567859649489266, ""reg_alpha"": 0.41086356376803457, ""reg_lambda"": 0.6082645265327022, ""min_child_samples"": 85}"
ivh2,XGBoost,19,mage|gran|parn|amni|mulg|bir|prep|dm|htn|chor|prom|ster|sterp|sterd|atbyn|delm|gad|sex|bwei,0.45479676225549115,0.7725490304812984,0.35026239693238975,0.6496675178487676,0.7935379092061119,0.7938537661958416,0.3791008483162387,0.49989938886178553,"{""n_estimators"": 374, ""max_depth"": 3, ""learning_rate"": 0.043996851970520515, ""subsample"": 0.9126966769707857, ""colsample_bytree"": 0.744375040647353, ""gamma"": 3.966311381920926, ""min_child_weight"": 3.2953564576365064}"
ivh2,LightGBM,19,mage|gran|parn|amni|mulg|bir|prep|dm|htn|chor|prom|ster|sterp|sterd|atbyn|delm|gad|sex|bwei,0.4562780875844732,0.7829110149626552,0.36029776107309525,0.6244629735786127,0.8099692187249792,0.7909658708787626,0.3776061153816598,0.49961405258248703,"{""n_estimators"": 422, ""num_leaves"": 37, ""learning_rate"": 0.01129821298429741, ""subsample"": 0.7324171394197295, ""colsample_bytree"": 0.6768498519003585, ""reg_alpha"": 0.18867504321660894, ""reg_lambda"": 0.5424573653283109, ""min_child_samples"": 53}"
ivh3,XGBoost,19,mage|gran|parn|amni|mulg|bir|prep|dm|htn|chor|prom|ster|sterp|sterd|atbyn|delm|gad|sex|bwei,0.32878403332060907,0.8369834637644529,0.2395891177059451,0.5273291925465838,0.8623919697176285,0.7983335720945866,0.2284124058629314,0.3925824528381013,"{""n_estimators"": 241, ""max_depth"": 3, ""learning_rate"": 0.010879295104052963, ""subsample"": 0.8440854381524954, ""colsample_bytree"": 0.6024512851881265, ""gamma"": 3.162561838235241, ""min_child_weight"": 7.397171183153316}"
ivh3,LightGBM,19,mage|gran|parn|amni|mulg|bir|prep|dm|htn|chor|prom|ster|sterp|sterd|atbyn|delm|gad|sex|bwei,0.33506584686456925,0.8275631653098954,0.23733609560642455,0.5732919254658385,0.8484271736236909,0.8035415900083951,0.23286893855393842,0.3981019230001452,"{""n_estimators"": 251, ""num_leaves"": 17, ""learning_rate"": 0.010226528373037164, ""subsample"": 0.9178311769215927, ""colsample_bytree"": 0.7463357436301595, ""reg_alpha"": 0.020383132120324554, ""reg_lambda"": 0.7210423814833045, ""min_child_samples"": 38}"
pvl,XGBoost,19,mage|gran|parn|amni|mulg|bir|prep|dm|htn|chor|prom|ster|sterp|sterd|atbyn|delm|gad|sex|bwei,0.17144165376072687,0.67476538535805,0.10919197790442903,0.465993265993266,0.6904657548297759,0.6043520820435406,0.09728379653029515,0.2357763822481601,"{""n_estimators"": 247, ""max_depth"": 5, ""learning_rate"": 0.07350997350551204, ""subsample"": 0.7601300718833479, ""colsample_bytree"": 0.8393434467338602, ""gamma"": 3.6206000821773165, ""min_child_weight"": 1.542054980751567}"
pvl,LightGBM,19,mage|gran|parn|amni|mulg|bir|prep|dm|htn|chor|prom|ster|sterp|sterd|atbyn|delm|gad|sex|bwei,0.1727605025150288,0.6920985370959812,0.10827554880510482,0.45656565656565656,0.709811283741117,0.6094291058975341,0.09869939460189003,0.23787589081758823,"{""n_estimators"": 435, ""num_leaves"": 76, ""learning_rate"": 0.02566952403578144, ""subsample"": 0.7127336723413642, ""colsample_bytree"": 0.7524123729371064, ""reg_alpha"": 0.7821214482816458, ""reg_lambda"": 0.21802642227372415, ""min_child_samples"": 56}"
seps,XGBoost,19,mage|gran|parn|amni|mulg|bir|prep|dm|htn|chor|prom|ster|sterp|sterd|atbyn|delm|gad|sex|bwei,0.4245721550681467,0.6947374672831593,0.3160377510502221,0.655251016622004,0.7029386490855863,0.7308832651985053,0.3265247276416489,0.4564201488662691,"{""n_estimators"": 449, ""max_depth"": 3, ""learning_rate"": 0.010138172651997273, ""subsample"": 0.9931422827075386, ""colsample_bytree"": 0.7357915212185117, ""gamma"": 0.1391252688471214, ""min_child_weight"": 6.794757337491951}"
seps,LightGBM,19,mage|gran|parn|amni|mulg|bir|prep|dm|htn|chor|prom|ster|sterp|sterd|atbyn|delm|gad|sex|bwei,0.4246667988988374,0.6935142381405577,0.31560229302124404,0.6585158255720256,0.7007759367055217,0.7318076760399734,0.32789040522753676,0.4570620562256744,"{""n_estimators"": 200, ""num_leaves"": 19, ""learning_rate"": 0.014612757126247392, ""subsample"": 0.6138078613068825, ""colsample_bytree"": 0.6123103397100094, ""reg_alpha"": 0.2636578649112434, ""reg_lambda"": 0.025840538263588897, ""min_child_samples"": 94}"
ntet,XGBoost,19,mage|gran|parn|amni|mulg|bir|prep|dm|htn|chor|prom|ster|sterp|sterd|atbyn|delm|gad|sex|bwei,0.20474275265161931,0.7660983048520242,0.12806013838173075,0.5173891576972449,0.7814292073018256,0.7082570306186204,0.11517063609974934,0.27857397327945854,"{""n_estimators"": 284, ""max_depth"": 3, ""learning_rate"": 0.011632432173008463, ""subsample"": 0.8010547658053118, ""colsample_bytree"": 0.832156940677917, ""gamma"": 1.4304200840705017, ""min_child_weight"": 8.092934236275022}"
ntet,LightGBM,19,mage|gran|parn|amni|mulg|bir|prep|dm|htn|chor|prom|ster|sterp|sterd|atbyn|delm|gad|sex|bwei,0.20669783749613013,0.7693939841273344,0.1298969943153828,0.5150587538264046,0.7850808577144286,0.7133064663371332,0.1165376729620446,0.28097151390410513,"{""n_estimators"": 204, ""num_leaves"": 16, ""learning_rate"": 0.010123897496114899, ""subsample"": 0.6219645117666295, ""colsample_bytree"": 0.7622967494685577, ""reg_alpha"": 0.6558831264853621, ""reg_lambda"": 0.015765023722311478, ""min_child_samples"": 25}"
pmio,XGBoost,19,mage|gran|parn|amni|mulg|bir|prep|dm|htn|chor|prom|ster|sterp|sterd|atbyn|delm|gad|sex|bwei,0.3246854417511284,0.8231837585390412,0.22271848551245227,0.6064769314769315,0.8394705277093063,0.8287221436818435,0.21992171642070354,0.394063664538144,"{""n_estimators"": 202, ""max_depth"": 10, ""learning_rate"": 0.038806396862122255, ""subsample"": 0.8634651455396232, ""colsample_bytree"": 0.8986569140960546, ""gamma"": 2.8088292125726584, ""min_child_weight"": 7.054962683625623}"
pmio,LightGBM,19,mage|gran|parn|amni|mulg|bir|prep|dm|htn|chor|prom|ster|sterp|sterd|atbyn|delm|gad|sex|bwei,0.3298189920347755,0.8487594634698779,0.24199013898859384,0.5317067067067067,0.8725905164262062,0.8324379959077591,0.22366387760747006,0.39849625848118064,"{""n_estimators"": 202, ""num_leaves"": 35, ""learning_rate"": 0.016740345263727655, ""subsample"": 0.8619032656423034, ""colsample_bytree"": 0.6034147609325076, ""reg_alpha"": 0.19516711726513192, ""reg_lambda"": 0.3818616063642761, ""min_child_samples"": 34}"
eythtran,XGBoost,19,mage|gran|parn|amni|mulg|bir|prep|dm|htn|chor|prom|ster|sterp|sterd|atbyn|delm|gad|sex|bwei,0.8140483519261776,0.7641184084834037,0.758000959940227,0.8791817087845969,0.6005013721387216,0.8390420630361344,0.8708300892190625,0.8360816153360344,"{""n_estimators"": 293, ""max_depth"": 7, ""learning_rate"": 0.10013389074317776, ""subsample"": 0.8235776210446236, ""colsample_bytree"": 0.6886142546924935, ""gamma"": 2.9856844121205652, ""min_child_weight"": 8.203972827714507}"
eythtran,LightGBM,19,mage|gran|parn|amni|mulg|bir|prep|dm|htn|chor|prom|ster|sterp|sterd|atbyn|delm|gad|sex|bwei,0.8127521910587443,0.7656255098359308,0.7659651352923806,0.8661853188929001,0.6226266618359404,0.8380886594851518,0.8705661010985134,0.8351636577559565,"{""n_estimators"": 220, ""num_leaves"": 51, ""learning_rate"": 0.011352309814726286, ""subsample"": 0.8690809969342042, ""colsample_bytree"": 0.7226884142712358, ""reg_alpha"": 0.2900089861649309, ""reg_lambda"": 0.9959393989988148, ""min_child_samples"": 75}"
deathyn,XGBoost,19,mage|gran|parn|amni|mulg|bir|prep|dm|htn|chor|prom|ster|sterp|sterd|atbyn|delm|gad|sex|bwei,0.5533022433434167,0.8826711959044321,0.49730566014518446,0.6276985743380855,0.9160088855611758,0.8819062849840671,0.5709368241811438,0.6243134259228649,"{""n_estimators"": 498, ""max_depth"": 5, ""learning_rate"": 0.017355207406045608, ""subsample"": 0.6379983086639843, ""colsample_bytree"": 0.8611184513060075, ""gamma"": 2.290595390720235, ""min_child_weight"": 6.302480819533671}"
deathyn,LightGBM,19,mage|gran|parn|amni|mulg|bir|prep|dm|htn|chor|prom|ster|sterp|sterd|atbyn|delm|gad|sex|bwei,0.5509538582857878,0.8831421165543027,0.5001269177290852,0.6191446028513238,0.9176597621346902,0.8811588649549797,0.5689724900870881,0.6224004491600164,"{""n_estimators"": 202, ""num_leaves"": 15, ""learning_rate"": 0.0687538847309717, ""subsample"": 0.600743145032765, ""colsample_bytree"": 0.7174320477632109, ""reg_alpha"": 0.9555704045972013, ""reg_lambda"": 0.6156431737307131, ""min_child_samples"": 67}"
supyn,XGBoost,19,mage|gran|parn|amni|mulg|bir|prep|dm|htn|chor|prom|ster|sterp|sterd|atbyn|delm|gad|sex|bwei,0.3201526624927583,0.6944537170734023,0.21661186979653305,0.6218813905930471,0.7039152049294991,0.7139884844214477,0.2149556948899777,0.367360736597662,"{""n_estimators"": 259, ""max_depth"": 7, ""learning_rate"": 0.013603513118952663, ""subsample"": 0.9972989969903134, ""colsample_bytree"": 0.6979820974223309, ""gamma"": 3.00829609836286, ""min_child_weight"": 3.6093291493786666}"
supyn,LightGBM,19,mage|gran|parn|amni|mulg|bir|prep|dm|htn|chor|prom|ster|sterp|sterd|atbyn|delm|gad|sex|bwei,0.31735212920700245,0.6796643132094795,0.21110150203628378,0.6439580985768542,0.6843247946396402,0.7139296082745071,0.215058280616721,0.36597947044341894,"{""n_estimators"": 228, ""num_leaves"": 35, ""learning_rate"": 0.015559297085741924, ""subsample"": 0.8953491832518536, ""colsample_bytree"": 0.7695037820599142, ""reg_alpha"": 0.6082203832387374, ""reg_lambda"": 0.0425161829515307, ""min_child_samples"": 68}"
